{
  "users": {
    "6282228545461@s.whatsapp.net": {
      "exp": 0,
      "limit": 0
    },
    "6282285357346@s.whatsapp.net": {
      "exp": 0,
      "limit": 25,
      "delay": 1709519073082
    }
  },
  "chats": {
    "6282228545461@s.whatsapp.net": {
      "isBanned": false,
      "antiSpam": true,
      "acc": false,
      "welcome": true,
      "detect": false,
      "sWelcome": "",
      "sBye": "",
      "sPromote": "",
      "sDemote": "",
      "delete": false,
      "antiLink": false,
      "antiCall": true,
      "antiFoto": false,
      "antiVideo": false,
      "antiSticker": false,
      "antiAudio": false,
      "viewonce": false,
      "antiBadword": false,
      "simi": false,
      "expired": 0,
      "rpgs": false,
      "games": false
    },
    "6282285357346@s.whatsapp.net": {
      "isBanned": false,
      "antiSpam": true,
      "acc": false,
      "welcome": true,
      "detect": false,
      "sWelcome": "",
      "sBye": "",
      "sPromote": "",
      "sDemote": "",
      "delete": false,
      "antiLink": false,
      "antiCall": true,
      "antiFoto": false,
      "antiVideo": false,
      "antiSticker": false,
      "antiAudio": false,
      "viewonce": false,
      "antiBadword": false,
      "simi": false,
      "expired": 0,
      "rpgs": false,
      "games": false
    }
  },
  "stats": {
    "own-exec.js": {
      "total": 4,
      "success": 4,
      "last": 1709518806411,
      "lastSuccess": 1709518806411
    },
    "own-exec2.js": {
      "total": 2,
      "success": 2,
      "last": 1709519073082,
      "lastSuccess": 1709519073082
    }
  },
  "msgs": {},
  "sticker": {},
  "settings": {
    "6282228545461@s.whatsapp.net": {
      "self": false,
      "autoread": true,
      "autoBio": false,
      "antiCall": true,
      "restrict": true,
      "image": true,
      "gif": false,
      "teks": false,
      "doc": false,
      "loc": false,
      "autorestart": false
    }
  },
  "menfess": {},
  "simulator": {}
}